Ticker,Date,Net Flows*
BFIT,2019-04-02,0.0
BCI,2019-04-02,0.0
BBUS,2019-04-02,0.0
BBJP,2019-04-02,0.0
BBEU,2019-04-02,0.0
BBC,2019-04-02,0.0
BBAX,2019-04-02,0.0
BAR,2019-04-02,0.0
BAL,2019-04-02,0.0
BBSA,2019-04-02,0.0
AWTM,2019-04-02,0.0
ATMP,2019-04-02,0.0
ASHX,2019-04-02,0.0
ASHS,2019-04-02,0.0
ASHR,2019-04-02,0.0
BCD,2019-04-02,0.0
ASET,2019-04-02,0.0
ARKW,2019-04-02,0.0
ARKQ,2019-04-02,0.0
AUSF,2019-04-02,-0.04
ASEA,2019-04-02,-0.01
AGT,2019-04-02,0.0
ACSG,2019-04-02,0.0
AGGP,2019-04-02,0.0
BDRY,2019-04-02,0.0
BCM,2019-04-02,0.0
BBCA,2019-04-02,60.53
AFTY,2019-04-02,0.0
ALFA,2019-04-02,0.0
AFK,2019-04-02,0.0
ADME,2019-04-02,0.0
BBRE,2019-04-02,0.0
ACWX,2019-04-02,0.0
AADR,2019-04-02,0.0
BAB,2019-04-02,0.0
AGGY,2019-04-02,0.0
AFIF,2019-04-02,0.0
AIIQ,2019-04-02,0.0
ARCM,2019-04-02,0.0
AMUB,2019-04-02,0.0
BBP,2019-04-02,0.0
AGQ,2019-04-02,0.0
AGZ,2019-04-02,0.0
ACSI,2019-04-02,0.0
ALTY,2019-04-02,0.01
AMLP,2019-04-02,-18.8
AIRR,2019-04-02,0.0
ACWV,2019-04-02,44.77
AAAU,2019-04-02,0.0
ACWF,2019-04-02,0.0
AGZD,2019-04-02,0.0
AIEQ,2019-04-02,0.0
ACWI,2019-04-02,174.92
AIA,2019-04-02,0.0
ARKF,2019-04-02,0.0
BDCS,2019-04-02,0.0
BBH,2019-04-02,0.0
BATT,2019-04-02,0.0
ARKK,2019-04-02,0.0
AAXJ,2019-04-02,0.0
ALTS,2019-04-02,0.0
AMCA,2019-04-02,0.0
AMJ,2019-04-02,-1.19
ACES,2019-04-02,0.0
ACT,2019-04-02,0.0
AMU,2019-04-02,0.0
AMZA,2019-04-02,0.0
ANGL,2019-04-02,-14.31
ADRE,2019-04-02,0.0
AOA,2019-04-02,0.0
AOK,2019-04-02,0.0
BDCZ,2019-04-02,0.0
AGG,2019-04-02,205.59
AOM,2019-04-02,1.91
ARKG,2019-04-02,0.0
AIQ,2019-04-02,0.01
AOR,2019-04-02,-9.0
ARGT,2019-04-02,-0.01
CBON,2019-04-02,0.0
CATH,2019-04-02,-0.0
CARZ,2019-04-02,0.0
CAPE,2019-04-02,-0.64
BZQ,2019-04-02,0.0
BYLD,2019-04-02,2.46
BWZ,2019-04-02,0.0
BTAL,2019-04-02,0.0
BSV,2019-04-02,23.78
BSJQ,2019-04-02,0.0
CALF,2019-04-02,0.0
BSJP,2019-04-02,0.0
BSJO,2019-04-02,0.0
BSJN,2019-04-02,0.0
BSJK,2019-04-02,0.0
BNDW,2019-04-02,0.0
BVAL,2019-04-02,0.0
BNDC,2019-04-02,0.0
BND,2019-04-02,0.0
BWX,2019-04-02,0.0
BOSS,2019-04-02,0.0
BLV,2019-04-02,0.0
BSJL,2019-04-02,0.0
BSCL,2019-04-02,0.0
BNDX,2019-04-02,0.0
BNKD,2019-04-02,0.0
BIBL,2019-04-02,0.0
BSJM,2019-04-02,0.0
BLOK,2019-04-02,0.0
BFOR,2019-04-02,0.0
BNKZ,2019-04-02,0.0
BSDE,2019-04-02,0.0
BICK,2019-04-02,0.0
BSCK,2019-04-02,0.0
BOCT,2019-04-02,0.0
BSCM,2019-04-02,0.0
BSCN,2019-04-02,0.0
BLCN,2019-04-02,0.0
BLHY,2019-04-02,0.0
BIL,2019-04-02,-32.0
BJUL,2019-04-02,0.0
CACG,2019-04-02,0.01
BLES,2019-04-02,0.0
BIV,2019-04-02,0.0
BIS,2019-04-02,0.0
BTEC,2019-04-02,0.0
BOIL,2019-04-02,0.0
BSCP,2019-04-02,0.0
BIZD,2019-04-02,0.0
BSBE,2019-04-02,0.0
BNKO,2019-04-02,0.0
BSCS,2019-04-02,0.0
BOND,2019-04-02,0.0
BMLP,2019-04-02,0.0
BKLN,2019-04-02,11.36
BNKU,2019-04-02,0.0
BGRN,2019-04-02,0.0
BOUT,2019-04-02,0.0
CANE,2019-04-02,0.0
BUY,2019-04-02,0.0
BKF,2019-04-02,0.0
BSCR,2019-04-02,0.0
BNO,2019-04-02,0.0
BOTZ,2019-04-02,0.03
BIB,2019-04-02,0.0
BJK,2019-04-02,0.0
BRF,2019-04-02,0.0
BRZU,2019-04-02,-17.84
BSAE,2019-04-02,0.0
BSCQ,2019-04-02,0.0
BSCO,2019-04-02,0.0
DBP,2019-04-02,0.0
DBO,2019-04-02,0.0
DBLV,2019-04-02,0.0
DBJP,2019-04-02,0.0
DBGR,2019-04-02,0.0
DBEM,2019-04-02,0.0
DBEF,2019-04-02,0.0
DBE,2019-04-02,0.0
DBAW,2019-04-02,0.0
DAX,2019-04-02,-0.0
DALT,2019-04-02,0.0
DALI,2019-04-02,0.0
CWI,2019-04-02,0.0
CWEB,2019-04-02,0.0
CVY,2019-04-02,0.0
CUT,2019-04-02,0.0
CURE,2019-04-02,0.0
CSM,2019-04-02,0.0
CSF,2019-04-02,0.0
CSD,2019-04-02,0.0
CROP,2019-04-02,0.0
CROC,2019-04-02,0.0
CQQQ,2019-04-02,0.0
CSB,2019-04-02,0.0
CPER,2019-04-02,0.0
CXSE,2019-04-02,0.0
CPI,2019-04-02,0.0
CORP,2019-04-02,0.0
CORN,2019-04-02,0.0
DBS,2019-04-02,0.0
DBEU,2019-04-02,0.0
CZA,2019-04-02,0.0
COPX,2019-04-02,-0.0
DBB,2019-04-02,0.0
CHIK,2019-04-02,0.0
DAUD,2019-04-02,0.0
CHII,2019-04-02,0.0
CIBR,2019-04-02,0.0
CSA,2019-04-02,-2.28
CHIE,2019-04-02,-0.0
DBA,2019-04-02,0.0
COM,2019-04-02,0.0
CHIM,2019-04-02,-0.0
CFO,2019-04-02,0.0
CNXT,2019-04-02,0.0
CHIC,2019-04-02,-0.0
CGW,2019-04-02,0.0
CYB,2019-04-02,0.0
CNRG,2019-04-02,0.0
CHGX,2019-04-02,0.0
CHAD,2019-04-02,0.0
CHIQ,2019-04-02,-0.05
CFA,2019-04-02,5.08
CHAU,2019-04-02,0.0
CLIX,2019-04-02,0.0
DBC,2019-04-02,-6.43
CWB,2019-04-02,0.0
CEY,2019-04-02,0.0
CHEP,2019-04-02,0.0
CEMB,2019-04-02,0.0
CDC,2019-04-02,0.0
DBEZ,2019-04-02,0.0
CEW,2019-04-02,0.0
CCOR,2019-04-02,0.01
CEZ,2019-04-02,0.0
COWZ,2019-04-02,8.81
CHIU,2019-04-02,0.0
CHIX,2019-04-02,0.03
CRAK,2019-04-02,0.0
CLRG,2019-04-02,-6.01
CSML,2019-04-02,0.0
CHIL,2019-04-02,-0.0
CHIS,2019-04-02,-0.0
CHNA,2019-04-02,0.0
CDL,2019-04-02,0.0
CID,2019-04-02,0.0
CIZ,2019-04-02,0.0
CHIR,2019-04-02,0.0
CLTL,2019-04-02,0.0
CHIH,2019-04-02,-0.0
CMBS,2019-04-02,0.0
CMDY,2019-04-02,0.0
CRBN,2019-04-02,0.0
COMB,2019-04-02,0.0
COMT,2019-04-02,0.0
CEFS,2019-04-02,0.0
CMF,2019-04-02,0.0
CWS,2019-04-02,0.0
CIL,2019-04-02,0.0
CN,2019-04-02,0.0
CNCR,2019-04-02,0.0
CNYA,2019-04-02,0.0
DWAT,2019-04-02,0.0
DVYE,2019-04-02,0.0
DWAS,2019-04-02,0.0
DVYA,2019-04-02,0.0
DVY,2019-04-02,0.0
DUSL,2019-04-02,0.0
DUSA,2019-04-02,0.0
DURA,2019-04-02,0.0
DWCR,2019-04-02,0.0
DUG,2019-04-02,0.0
DTYL,2019-04-02,0.0
DTUL,2019-04-02,0.0
DTN,2019-04-02,0.0
DTEC,2019-04-02,0.0
DVLU,2019-04-02,0.0
DTD,2019-04-02,0.0
DSTL,2019-04-02,0.0
DSLV,2019-04-02,0.0
DSI,2019-04-02,0.0
DUST,2019-04-02,-18.22
DTUS,2019-04-02,0.0
DRW,2019-04-02,0.0
DRV,2019-04-02,0.0
DRIP,2019-04-02,0.0
DPST,2019-04-02,0.0
DOO,2019-04-02,-4.15
DOG,2019-04-02,0.0
DNL,2019-04-02,0.0
DMRM,2019-04-02,0.0
DMRE,2019-04-02,0.0
DJPY,2019-04-02,0.0
DJD,2019-04-02,0.0
DIVY,2019-04-02,0.0
DFND,2019-04-02,0.0
DFJ,2019-04-02,0.0
DDM,2019-04-02,0.0
DLS,2019-04-02,0.0
DEW,2019-04-02,0.0
DEUR,2019-04-02,0.0
DFNL,2019-04-02,0.0
DGRW,2019-04-02,2.18
DDWM,2019-04-02,0.0
DOL,2019-04-02,0.0
DEEF,2019-04-02,0.0
DCHF,2019-04-02,0.0
DIVB,2019-04-02,0.0
DFE,2019-04-02,0.0
DIV,2019-04-02,2.41
DEFA,2019-04-02,0.0
DEEP,2019-04-02,0.0
DMDV,2019-04-02,0.0
DIG,2019-04-02,0.0
DRSK,2019-04-02,2.61
DEUS,2019-04-02,0.0
DINT,2019-04-02,0.0
DRIV,2019-04-02,0.0
DEM,2019-04-02,0.0
DVOL,2019-04-02,0.0
DGAZ,2019-04-02,-7.73
DMRS,2019-04-02,0.0
DDG,2019-04-02,0.0
DDLS,2019-04-02,0.0
DMRI,2019-04-02,-31.53
DGLD,2019-04-02,0.0
DEF,2019-04-02,0.0
DLN,2019-04-02,0.0
DJCI,2019-04-02,0.0
DFVS,2019-04-02,0.01
DTH,2019-04-02,0.0
DJP,2019-04-02,3.89
DGS,2019-04-02,0.0
DIVO,2019-04-02,0.0
DDIV,2019-04-02,0.0
DGL,2019-04-02,-39.57
DFVL,2019-04-02,0.0
DGT,2019-04-02,0.0
DES,2019-04-02,6.98
DGBP,2019-04-02,0.0
DGP,2019-04-02,0.0
DON,2019-04-02,0.0
DGRE,2019-04-02,0.0
DMRL,2019-04-02,0.0
DGRO,2019-04-02,25.99
DGRS,2019-04-02,-1.76
DGZ,2019-04-02,0.0
DHS,2019-04-02,3.65
DIA,2019-04-02,0.0
DIAL,2019-04-02,2.96
DRN,2019-04-02,0.0
DFEN,2019-04-02,0.0
DIM,2019-04-02,0.0
DBV,2019-04-02,0.0
DIVA,2019-04-02,0.0
DIVC,2019-04-02,0.0
EPOL,2019-04-02,0.0
EPHE,2019-04-02,0.0
EPP,2019-04-02,0.0
ENTR,2019-04-02,0.0
ENOR,2019-04-02,0.0
ENFR,2019-04-02,0.0
EMSH,2019-04-02,0.0
EMSG,2019-04-02,0.0
EMQQ,2019-04-02,-0.01
EMMF,2019-04-02,0.0
EMLP,2019-04-02,1.24
ENZL,2019-04-02,0.0
EMIF,2019-04-02,0.0
EMDV,2019-04-02,0.0
EMHY,2019-04-02,0.0
EFZ,2019-04-02,0.0
EFV,2019-04-02,0.0
EMGF,2019-04-02,17.24
EMFM,2019-04-02,-0.0
EFU,2019-04-02,0.0
EFG,2019-04-02,0.0
EFAX,2019-04-02,0.0
EKAR,2019-04-02,-0.0
ECH,2019-04-02,0.0
EMXC,2019-04-02,0.0
EMBH,2019-04-02,0.0
EASG,2019-04-02,0.0
EPI,2019-04-02,0.0
EEMO,2019-04-02,0.0
EASI,2019-04-02,0.0
EINC,2019-04-02,0.0
EBND,2019-04-02,0.0
EELV,2019-04-02,0.0
DZK,2019-04-02,0.0
EBIZ,2019-04-02,-0.0
ELD,2019-04-02,0.0
DWMC,2019-04-02,0.0
DYNF,2019-04-02,0.0
EMAG,2019-04-02,0.0
EIDO,2019-04-02,-2.58
DXJ,2019-04-02,0.0
EMTY,2019-04-02,0.0
EMCB,2019-04-02,0.0
DWFI,2019-04-02,0.0
DZZ,2019-04-02,0.0
DWX,2019-04-02,0.0
EIS,2019-04-02,0.0
ECNS,2019-04-02,0.0
EIRL,2019-04-02,0.0
EDZ,2019-04-02,0.0
DWLD,2019-04-02,0.0
EAGG,2019-04-02,0.0
DWPP,2019-04-02,0.0
DXJS,2019-04-02,0.0
DWM,2019-04-02,0.0
DWMF,2019-04-02,0.0
DXD,2019-04-02,0.0
DXGE,2019-04-02,0.0
EDOG,2019-04-02,0.0
ECON,2019-04-02,0.0
EMTL,2019-04-02,0.0
EFO,2019-04-02,0.0
DWSH,2019-04-02,0.0
EDC,2019-04-02,4.18
EDEN,2019-04-02,0.0
EDIV,2019-04-02,0.0
EDOW,2019-04-02,0.0
EDV,2019-04-02,8.72
EMB,2019-04-02,21.91
EEH,2019-04-02,0.0
EEMA,2019-04-02,0.0
EEM,2019-04-02,0.0
EEMX,2019-04-02,0.0
EEMS,2019-04-02,0.0
EEMD,2019-04-02,0.0
EEMV,2019-04-02,0.0
EES,2019-04-02,3.67
EMLC,2019-04-02,0.0
EET,2019-04-02,0.0
EFAD,2019-04-02,0.0
EGPT,2019-04-02,0.0
EEV,2019-04-02,0.0
EFNL,2019-04-02,0.0
EFAV,2019-04-02,0.0
EFA,2019-04-02,0.0
EFAS,2019-04-02,-0.0
FCVT,2019-04-02,0.0
FCOR,2019-04-02,0.0
FCEF,2019-04-02,0.0
FCAL,2019-04-02,0.0
FDD,2019-04-02,0.0
FBGX,2019-04-02,0.0
FAZ,2019-04-02,0.0
FAS,2019-04-02,-9.76
FALN,2019-04-02,2.61
FAD,2019-04-02,0.0
FAB,2019-04-02,0.0
FAAR,2019-04-02,0.0
EZM,2019-04-02,2.0
FCG,2019-04-02,0.0
EZA,2019-04-02,-5.43
EYLD,2019-04-02,-0.0
EWZ,2019-04-02,0.0
EWX,2019-04-02,0.0
EWV,2019-04-02,0.0
EZJ,2019-04-02,0.0
EWU,2019-04-02,0.0
FCAN,2019-04-02,0.0
EWRE,2019-04-02,0.0
EWQ,2019-04-02,0.0
EWP,2019-04-02,0.0
EZU,2019-04-02,97.42
EWMC,2019-04-02,0.0
EWM,2019-04-02,0.0
EWL,2019-04-02,0.0
EWK,2019-04-02,0.0
EWJV,2019-04-02,0.0
ESML,2019-04-02,0.0
ERSX,2019-04-02,0.0
ESGV,2019-04-02,0.0
ESGU,2019-04-02,0.0
EWI,2019-04-02,0.0
EWUS,2019-04-02,0.0
ESGG,2019-04-02,0.0
ESGS,2019-04-02,0.0
ESGE,2019-04-02,0.0
EWS,2019-04-02,0.0
EVX,2019-04-02,0.0
EUM,2019-04-02,0.91
EWSC,2019-04-02,0.0
ERY,2019-04-02,0.0
ESGD,2019-04-02,0.0
ESG,2019-04-02,0.0
ERUS,2019-04-02,0.0
EWZS,2019-04-02,0.0
EPV,2019-04-02,0.0
EWJE,2019-04-02,0.0
FAUS,2019-04-02,0.0
EPS,2019-04-02,1.61
ESGN,2019-04-02,0.0
EXI,2019-04-02,0.0
EQL,2019-04-02,0.0
EPU,2019-04-02,0.0
EQRR,2019-04-02,0.0
ERX,2019-04-02,0.0
FAN,2019-04-02,0.0
EWN,2019-04-02,0.0
EPRF,2019-04-02,0.0
EUSC,2019-04-02,0.0
EWT,2019-04-02,0.0
EQAL,2019-04-02,86.15
EUDV,2019-04-02,0.0
EWO,2019-04-02,0.0
ERM,2019-04-02,0.0
FCTR,2019-04-02,10.52
EWY,2019-04-02,0.0
EQWL,2019-04-02,0.0
EWG,2019-04-02,0.0
ESPO,2019-04-02,0.0
EUDG,2019-04-02,0.0
FBZ,2019-04-02,0.0
FBT,2019-04-02,7.56
EWD,2019-04-02,0.0
EUFN,2019-04-02,0.0
EUSA,2019-04-02,0.0
FCOM,2019-04-02,1.62
FCA,2019-04-02,0.0
EWCO,2019-04-02,0.0
EUFX,2019-04-02,0.0
EUO,2019-04-02,0.0
EWGS,2019-04-02,0.0
EUMV,2019-04-02,0.0
FBND,2019-04-02,7.46
EURL,2019-04-02,0.0
ETHO,2019-04-02,0.0
EURZ,2019-04-02,0.0
EWA,2019-04-02,0.0
EWC,2019-04-02,0.0
EWH,2019-04-02,0.0
EWW,2019-04-02,40.07
EWJ,2019-04-02,41.32
FLRN,2019-04-02,42.86
FLQS,2019-04-02,0.0
FLQM,2019-04-02,0.0
FLQH,2019-04-02,0.0
FLQG,2019-04-02,0.0
FLQE,2019-04-02,0.0
FLQD,2019-04-02,0.0
FLMX,2019-04-02,0.0
FLMB,2019-04-02,0.0
FLM,2019-04-02,0.0
FLQL,2019-04-02,0.0
FLHY,2019-04-02,0.0
FLGE,2019-04-02,0.0
FLEU,2019-04-02,0.0
FLEH,2019-04-02,0.0
FLCH,2019-04-02,0.0
FLCA,2019-04-02,0.0
FLBR,2019-04-02,0.0
FLBL,2019-04-02,0.0
FLAX,2019-04-02,0.0
FKU,2019-04-02,0.0
FJP,2019-04-02,0.0
FIXD,2019-04-02,0.0
FKO,2019-04-02,0.0
FIW,2019-04-02,0.0
FEMS,2019-04-02,0.0
FEMB,2019-04-02,0.0
FLFR,2019-04-02,0.0
FDTS,2019-04-02,0.0
FLGB,2019-04-02,0.0
FDRR,2019-04-02,0.0
FLOT,2019-04-02,-50.75
FEM,2019-04-02,0.0
FDNI,2019-04-02,0.0
FENY,2019-04-02,0.0
FDEV,2019-04-02,0.0
FEUL,2019-04-02,0.0
FDHY,2019-04-02,0.0
FLKR,2019-04-02,0.0
FLEE,2019-04-02,0.0
FEUZ,2019-04-02,0.0
FDL,2019-04-02,6.08
FLLA,2019-04-02,0.0
FLJP,2019-04-02,0.0
FDLO,2019-04-02,1.71
FIBR,2019-04-02,0.0
FLIA,2019-04-02,0.0
FEP,2019-04-02,-7.07
FLDR,2019-04-02,0.0
FDVV,2019-04-02,3.02
FIVA,2019-04-02,0.0
FDT,2019-04-02,0.0
FLAU,2019-04-02,0.0
FIEE,2019-04-02,0.0
FLN,2019-04-02,0.0
FLIY,2019-04-02,0.0
FLIN,2019-04-02,0.0
FDM,2019-04-02,0.0
FDEM,2019-04-02,0.0
FDMO,2019-04-02,0.0
FFTG,2019-04-02,0.6
FFIU,2019-04-02,0.0
FLJH,2019-04-02,0.0
FDIS,2019-04-02,0.0
FGD,2019-04-02,0.0
FHK,2019-04-02,0.0
FDN,2019-04-02,0.0
FITE,2019-04-02,0.0
FEX,2019-04-02,-3.01
FLLV,2019-04-02,0.0
FLCO,2019-04-02,0.0
FIVG,2019-04-02,0.0
FEZ,2019-04-02,0.0
FLGR,2019-04-02,0.0
FFEU,2019-04-02,0.92
FLRT,2019-04-02,0.0
FIHD,2019-04-02,0.0
FINX,2019-04-02,-0.01
FFR,2019-04-02,0.0
FFSG,2019-04-02,0.0
FLHK,2019-04-02,0.0
FIYY,2019-04-02,-1.04
FFTI,2019-04-02,0.0
FDIV,2019-04-02,0.0
FFHG,2019-04-02,0.0
FFTY,2019-04-02,0.0
FHLC,2019-04-02,8.92
FGM,2019-04-02,0.0
FLMI,2019-04-02,0.0
FID,2019-04-02,0.0
FIDI,2019-04-02,0.0
FISR,2019-04-02,0.0
FIDU,2019-04-02,0.0
FLAT,2019-04-02,0.0
FILL,2019-04-02,0.0
FXR,2019-04-02,0.0
FXU,2019-04-02,2.83
FXO,2019-04-02,-10.79
FXL,2019-04-02,331.77
FXG,2019-04-02,0.0
FXF,2019-04-02,0.0
FXC,2019-04-02,0.0
FXB,2019-04-02,0.0
FVL,2019-04-02,0.0
FXI,2019-04-02,0.0
FVD,2019-04-02,37.57
FVC,2019-04-02,0.0
FVAL,2019-04-02,0.0
FV,2019-04-02,15.22
FUT,2019-04-02,0.0
FUTY,2019-04-02,9.51
FUE,2019-04-02,0.0
FTXN,2019-04-02,0.0
FTXG,2019-04-02,0.0
FTXD,2019-04-02,0.0
FTRI,2019-04-02,0.0
FTSD,2019-04-02,0.0
FTLS,2019-04-02,0.0
FTLB,2019-04-02,0.0
FTHI,2019-04-02,0.0
FTXR,2019-04-02,0.0
FTGC,2019-04-02,0.0
FTEC,2019-04-02,0.0
FSZ,2019-04-02,0.0
FXN,2019-04-02,0.0
FNDX,2019-04-02,0.0
FNDB,2019-04-02,0.0
FNDA,2019-04-02,7.55
FTXL,2019-04-02,0.0
FNDE,2019-04-02,0.0
FNK,2019-04-02,0.0
FNY,2019-04-02,0.0
FUMB,2019-04-02,0.0
FPEI,2019-04-02,0.0
FLSA,2019-04-02,0.0
FNDF,2019-04-02,0.0
FMK,2019-04-02,0.0
FOVL,2019-04-02,0.0
FNCL,2019-04-02,0.0
FLRU,2019-04-02,0.0
FTA,2019-04-02,0.0
FNGD,2019-04-02,0.0
FTAG,2019-04-02,0.0
FLTB,2019-04-02,0.0
FTXO,2019-04-02,-1.26
FMHI,2019-04-02,0.0
FMF,2019-04-02,0.0
FLTW,2019-04-02,0.0
FYC,2019-04-02,0.0
FNI,2019-04-02,0.0
FXD,2019-04-02,0.0
FNDC,2019-04-02,0.0
FXZ,2019-04-02,0.0
FLZA,2019-04-02,0.0
FXY,2019-04-02,0.0
FNX,2019-04-02,0.0
FXE,2019-04-02,0.0
FTSL,2019-04-02,0.0
FPA,2019-04-02,0.0
FTCS,2019-04-02,2.74
FM,2019-04-02,0.0
FUD,2019-04-02,0.0
FMB,2019-04-02,0.0
FTSM,2019-04-02,-3.0
FNGZ,2019-04-02,0.0
FNGU,2019-04-02,0.0
FNGO,2019-04-02,0.0
FPE,2019-04-02,29.54
FXP,2019-04-02,0.0
FPX,2019-04-02,0.0
FSMB,2019-04-02,0.0
FLTR,2019-04-02,0.0
FRI,2019-04-02,0.0
FXH,2019-04-02,0.0
FPXE,2019-04-02,0.0
FLSW,2019-04-02,0.0
FPXI,2019-04-02,0.0
FQAL,2019-04-02,0.0
FXA,2019-04-02,0.0
FTXH,2019-04-02,0.0
FRAK,2019-04-02,0.0
FSTA,2019-04-02,0.0
FREL,2019-04-02,9.08
FWDB,2019-04-02,0.0
FMAT,2019-04-02,0.0
FSMD,2019-04-02,0.0
FTC,2019-04-02,0.0
HDV,2019-04-02,0.0
HDMV,2019-04-02,0.0
HDEF,2019-04-02,0.0
HAWX,2019-04-02,0.0
HAUD,2019-04-02,0.0
HAIL,2019-04-02,0.0
GXG,2019-04-02,-1.48
GXF,2019-04-02,-0.0
GVIP,2019-04-02,0.0
GVAL,2019-04-02,0.06
GUSH,2019-04-02,0.0
GURU,2019-04-02,0.01
GUNR,2019-04-02,0.0
GTO,2019-04-02,0.0
GTIP,2019-04-02,0.0
GSSC,2019-04-02,0.0
GSP,2019-04-02,0.0
GSJY,2019-04-02,0.0
GSIE,2019-04-02,0.0
GSG,2019-04-02,0.0
GSEW,2019-04-02,0.0
GSEU,2019-04-02,0.0
HDAW,2019-04-02,0.0
GHYB,2019-04-02,12.21
GDAT,2019-04-02,0.0
HAUZ,2019-04-02,0.0
GMF,2019-04-02,0.0
GENY,2019-04-02,0.0
GXC,2019-04-02,0.0
GDX,2019-04-02,-76.04
GYLD,2019-04-02,0.0
GHYG,2019-04-02,0.0
GDMA,2019-04-02,0.0
GAA,2019-04-02,-0.0
GFIN,2019-04-02,0.0
GDXJ,2019-04-02,0.0
GREK,2019-04-02,0.01
FYX,2019-04-02,0.0
GUDB,2019-04-02,0.0
FYT,2019-04-02,0.0
FYLD,2019-04-02,0.0
GSLC,2019-04-02,0.0
GCC,2019-04-02,0.0
GBUY,2019-04-02,0.0
HAP,2019-04-02,0.0
GDVD,2019-04-02,0.0
GNR,2019-04-02,-9.41
GAL,2019-04-02,0.0
GBF,2019-04-02,0.0
HDGE,2019-04-02,0.0
GLL,2019-04-02,0.0
GLDI,2019-04-02,0.0
GSY,2019-04-02,60.31
GCOW,2019-04-02,0.0
GBIL,2019-04-02,0.0
HACK,2019-04-02,0.0
GEM,2019-04-02,0.0
GRES,2019-04-02,6.9
GIGB,2019-04-02,2.46
GLD,2019-04-02,-195.45
GOAT,2019-04-02,0.0
GLDM,2019-04-02,11.63
GRU,2019-04-02,0.0
GAMR,2019-04-02,0.0
GLIN,2019-04-02,0.0
GLCN,2019-04-02,0.0
GLTR,2019-04-02,0.0
GOAU,2019-04-02,0.0
GMOM,2019-04-02,0.01
GRID,2019-04-02,0.0
GWX,2019-04-02,0.0
GDNA,2019-04-02,0.0
GNAF,2019-04-02,0.0
HDG,2019-04-02,0.0
GNMA,2019-04-02,0.0
GVI,2019-04-02,0.0
GII,2019-04-02,0.0
GMAN,2019-04-02,0.0
GOEX,2019-04-02,0.0
GOVT,2019-04-02,0.0
GQRE,2019-04-02,0.0
GRNB,2019-04-02,0.0
IBND,2019-04-02,0.0
IBMN,2019-04-02,0.0
IBMM,2019-04-02,0.0
IBML,2019-04-02,0.0
IBMK,2019-04-02,0.0
IBDT,2019-04-02,0.0
IBMJ,2019-04-02,0.0
IBMI,2019-04-02,0.0
IBDR,2019-04-02,0.0
IBDP,2019-04-02,0.0
IBDO,2019-04-02,0.0
IBDM,2019-04-02,0.0
IBDL,2019-04-02,0.0
IBDD,2019-04-02,0.0
IBMO,2019-04-02,0.0
IBD,2019-04-02,0.0
IBCE,2019-04-02,0.0
IAUF,2019-04-02,0.0
IAT,2019-04-02,0.0
IAK,2019-04-02,0.0
IAI,2019-04-02,0.0
IBDS,2019-04-02,0.0
IAGG,2019-04-02,26.52
HYZD,2019-04-02,-2.35
HOMZ,2019-04-02,0.0
HEWC,2019-04-02,0.0
HIPS,2019-04-02,0.0
HFXI,2019-04-02,0.0
HEZU,2019-04-02,-1.49
HEWW,2019-04-02,0.0
HYLB,2019-04-02,0.0
HFXJ,2019-04-02,0.0
HEEM,2019-04-02,0.0
HEWL,2019-04-02,0.0
HYEM,2019-04-02,0.0
IBDN,2019-04-02,0.0
HYHG,2019-04-02,0.0
HEDJ,2019-04-02,-12.94
HMOP,2019-04-02,0.0
HJPX,2019-04-02,0.0
IBDQ,2019-04-02,0.0
HNDL,2019-04-02,0.0
IAU,2019-04-02,-18.57
HEWG,2019-04-02,0.0
HEWI,2019-04-02,0.0
HYUP,2019-04-02,0.0
HOLD,2019-04-02,0.0
HEWJ,2019-04-02,0.0
HEWP,2019-04-02,0.0
HFXE,2019-04-02,0.0
HSRT,2019-04-02,0.0
HEWU,2019-04-02,0.0
HSCZ,2019-04-02,0.0
HSPX,2019-04-02,0.01
HYXE,2019-04-02,0.0
HTRB,2019-04-02,0.0
HYLD,2019-04-02,0.0
HUSV,2019-04-02,1.26
HTUS,2019-04-02,0.01
HYD,2019-04-02,3.13
HYMB,2019-04-02,0.0
IBB,2019-04-02,0.0
HTAB,2019-04-02,0.0
HYDB,2019-04-02,0.0
HYDW,2019-04-02,0.0
HYG,2019-04-02,360.88
HYGH,2019-04-02,0.0
HEFA,2019-04-02,-1.46
HYLS,2019-04-02,2.39
HYGV,2019-04-02,0.0
HYLV,2019-04-02,3.68
HYS,2019-04-02,0.0
HEWY,2019-04-02,0.0
HYXU,2019-04-02,0.0
IQIN,2019-04-02,0.0
IQDY,2019-04-02,0.0
IPKW,2019-04-02,0.0
IPAY,2019-04-02,0.0
IPAC,2019-04-02,0.0
IOO,2019-04-02,0.0
INTF,2019-04-02,0.0
INKM,2019-04-02,0.0
INDY,2019-04-02,0.0
INDL,2019-04-02,0.0
IMTM,2019-04-02,0.0
IMTB,2019-04-02,0.0
IMLP,2019-04-02,0.0
ILTB,2019-04-02,0.0
ILF,2019-04-02,16.89
IJS,2019-04-02,0.0
IJR,2019-04-02,0.0
IJH,2019-04-02,57.59
IHY,2019-04-02,0.0
IHI,2019-04-02,-11.56
IHF,2019-04-02,0.0
IIGV,2019-04-02,0.0
IHE,2019-04-02,0.0
INDA,2019-04-02,0.0
IHDG,2019-04-02,0.0
IGSB,2019-04-02,0.0
IGRO,2019-04-02,0.0
IGOV,2019-04-02,0.0
IGN,2019-04-02,8.64
IEDI,2019-04-02,0.0
IDMO,2019-04-02,0.0
IFGL,2019-04-02,0.0
IGHG,2019-04-02,0.0
IECS,2019-04-02,0.0
IETC,2019-04-02,0.0
IDV,2019-04-02,0.0
IJK,2019-04-02,0.0
IDOG,2019-04-02,0.0
IDLV,2019-04-02,0.0
IGM,2019-04-02,0.0
IDLB,2019-04-02,0.0
ICOL,2019-04-02,0.0
INDS,2019-04-02,0.0
IGV,2019-04-02,10.68
ICLN,2019-04-02,0.0
IQDF,2019-04-02,0.0
IEF,2019-04-02,-137.39
ICOW,2019-04-02,0.0
IDX,2019-04-02,0.0
ICF,2019-04-02,0.0
IBUY,2019-04-02,0.0
IQDG,2019-04-02,0.0
ICSH,2019-04-02,7.53
ICVT,2019-04-02,0.0
IDU,2019-04-02,7.32
IDEV,2019-04-02,0.0
IJT,2019-04-02,-9.01
IEO,2019-04-02,-2.95
IDIV,2019-04-02,0.0
IPO,2019-04-02,0.0
INCO,2019-04-02,0.0
IDHD,2019-04-02,0.0
IEME,2019-04-02,0.0
IEFA,2019-04-02,0.0
IG,2019-04-02,0.0
IDHQ,2019-04-02,0.0
IQDE,2019-04-02,0.0
IIGD,2019-04-02,0.0
IEV,2019-04-02,0.0
IEHS,2019-04-02,0.0
IEI,2019-04-02,0.0
IPFF,2019-04-02,0.0
IFRA,2019-04-02,0.0
IEIH,2019-04-02,0.0
INFR,2019-04-02,-0.0
IGEB,2019-04-02,0.0
IEMG,2019-04-02,0.0
IEUR,2019-04-02,0.0
IMOM,2019-04-02,0.0
IEUS,2019-04-02,0.0
IGF,2019-04-02,0.0
IEZ,2019-04-02,0.0
IPOS,2019-04-02,0.0
IJJ,2019-04-02,0.0
IEFN,2019-04-02,0.0
IFEU,2019-04-02,0.0
IFV,2019-04-02,0.0
IQLT,2019-04-02,0.0
IGE,2019-04-02,-6.36
IGBH,2019-04-02,0.0
IGIB,2019-04-02,2.73
IGLB,2019-04-02,5.94
JIGB,2019-04-02,0.0
JHMU,2019-04-02,0.0
JHMM,2019-04-02,0.0
JHML,2019-04-02,0.0
JHMI,2019-04-02,0.0
JHMH,2019-04-02,0.0
JHMT,2019-04-02,0.0
JHMF,2019-04-02,0.0
JHMC,2019-04-02,0.0
JDST,2019-04-02,-12.73
JDIV,2019-04-02,0.0
IYZ,2019-04-02,4.52
JJU,2019-04-02,0.01
IYY,2019-04-02,0.0
IYR,2019-04-02,-52.21
IYM,2019-04-02,0.0
IYK,2019-04-02,0.0
IYH,2019-04-02,-9.7
IYG,2019-04-02,0.0
JHMS,2019-04-02,0.0
IYF,2019-04-02,0.0
JJC,2019-04-02,0.0
IXSE,2019-04-02,0.0
IXP,2019-04-02,0.0
IUSG,2019-04-02,30.47
IVAL,2019-04-02,0.0
JHMA,2019-04-02,0.0
IXUS,2019-04-02,0.0
IUSB,2019-04-02,0.0
ITEQ,2019-04-02,0.0
ITOT,2019-04-02,0.0
ITB,2019-04-02,-21.26
ITM,2019-04-02,-31.65
IUSV,2019-04-02,-8.33
JHSC,2019-04-02,0.0
ISZE,2019-04-02,0.0
IYC,2019-04-02,0.0
IVE,2019-04-02,0.0
ISDS,2019-04-02,0.0
JJT,2019-04-02,0.0
ISRA,2019-04-02,0.0
IYE,2019-04-02,0.0
ITA,2019-04-02,0.0
IVOG,2019-04-02,-6.85
IRBO,2019-04-02,0.0
IZRL,2019-04-02,0.0
IXN,2019-04-02,17.31
ISCF,2019-04-02,0.0
IWD,2019-04-02,131.17
JETS,2019-04-02,2.95
IWN,2019-04-02,0.0
ISMD,2019-04-02,0.0
IWO,2019-04-02,0.0
JAGG,2019-04-02,25.66
IUSS,2019-04-02,0.0
IUS,2019-04-02,0.0
IXC,2019-04-02,-15.35
IYLD,2019-04-02,0.0
ISEM,2019-04-02,0.0
ISHG,2019-04-02,0.0
ISTB,2019-04-02,0.0
IVLU,2019-04-02,7.21
IVOO,2019-04-02,0.0
IWV,2019-04-02,0.0
IWC,2019-04-02,0.0
IVOV,2019-04-02,0.0
IWF,2019-04-02,0.0
JHMD,2019-04-02,0.0
IYJ,2019-04-02,0.0
IVW,2019-04-02,0.0
IWR,2019-04-02,0.0
IVV,2019-04-02,71.97
IYW,2019-04-02,0.0
IWL,2019-04-02,3.32
JHCS,2019-04-02,0.0
IWM,2019-04-02,-100.57
JHEM,2019-04-02,0.0
JCPB,2019-04-02,0.0
IYT,2019-04-02,9.57
ISDX,2019-04-02,0.0
IWP,2019-04-02,0.0
JHME,2019-04-02,0.0
IWS,2019-04-02,0.0
IWB,2019-04-02,23.87
IWX,2019-04-02,0.0
IWY,2019-04-02,0.0
IXG,2019-04-02,0.0
JJN,2019-04-02,0.0
IXJ,2019-04-02,0.0
LIT,2019-04-02,-2.89
LEMB,2019-04-02,-17.67
LEGR,2019-04-02,0.0
LDSF,2019-04-02,0.0
LDRS,2019-04-02,0.0
LBJ,2019-04-02,-5.9
LACK,2019-04-02,0.0
LGLV,2019-04-02,5.05
KXI,2019-04-02,0.0
KWEB,2019-04-02,0.38
KRMA,2019-04-02,0.01
KRE,2019-04-02,147.92
LGOV,2019-04-02,0.0
KORP,2019-04-02,0.0
KOL,2019-04-02,0.0
KOIN,2019-04-02,-0.0
KSA,2019-04-02,21.59
KMED,2019-04-02,0.0
KNOW,2019-04-02,0.0
KIE,2019-04-02,1.57
KGRN,2019-04-02,0.0
KFYP,2019-04-02,-0.0
KEMQ,2019-04-02,0.0
KCNY,2019-04-02,-0.0
KBWR,2019-04-02,0.0
JPHF,2019-04-02,0.0
JNUG,2019-04-02,19.74
JMIN,2019-04-02,0.0
KCCB,2019-04-02,-0.0
JPUS,2019-04-02,0.0
KOLD,2019-04-02,-2.19
JMUB,2019-04-02,0.0
JPMV,2019-04-02,0.0
JMOM,2019-04-02,0.0
JKF,2019-04-02,0.0
KLDW,2019-04-02,0.0
JPMB,2019-04-02,0.0
JSML,2019-04-02,0.0
KORU,2019-04-02,0.0
JPGE,2019-04-02,0.0
JKJ,2019-04-02,0.0
JPXN,2019-04-02,0.0
JPME,2019-04-02,0.0
LFEQ,2019-04-02,0.0
JKD,2019-04-02,0.0
JMST,2019-04-02,0.0
KCE,2019-04-02,0.0
JPGB,2019-04-02,0.0
KURE,2019-04-02,-0.0
JKL,2019-04-02,0.0
KBWD,2019-04-02,0.0
JKK,2019-04-02,0.0
JKE,2019-04-02,0.0
JPEM,2019-04-02,0.0
KNAB,2019-04-02,0.0
KBWB,2019-04-02,0.0
JKH,2019-04-02,0.0
JMBS,2019-04-02,0.0
JPHY,2019-04-02,0.0
KOMP,2019-04-02,0.79
JVAL,2019-04-02,0.0
LABD,2019-04-02,1.85
JPIN,2019-04-02,0.0
LEAD,2019-04-02,0.0
JKI,2019-04-02,0.0
JPN,2019-04-02,0.0
JPED,2019-04-02,0.0
JPNL,2019-04-02,0.0
JKG,2019-04-02,0.0
JPSE,2019-04-02,0.0
JUST,2019-04-02,0.0
JO,2019-04-02,0.35
JPST,2019-04-02,10.05
LD,2019-04-02,0.0
KNG,2019-04-02,0.0
KBWY,2019-04-02,0.0
JQUA,2019-04-02,0.0
JXI,2019-04-02,0.0
JNK,2019-04-02,-161.0
KALL,2019-04-02,0.0
LABU,2019-04-02,5.95
JSMD,2019-04-02,0.0
KARS,2019-04-02,-0.01
KBA,2019-04-02,6.61
KBE,2019-04-02,36.52
LDUR,2019-04-02,0.0
KBWP,2019-04-02,0.0
NGE,2019-04-02,-0.01
NFLT,2019-04-02,0.0
NEAR,2019-04-02,7.52
NANR,2019-04-02,0.0
MZZ,2019-04-02,0.0
MXI,2019-04-02,0.0
MXDU,2019-04-02,0.0
MXDE,2019-04-02,0.0
MVV,2019-04-02,0.0
MTUM,2019-04-02,0.0
NIB,2019-04-02,-1.29
MSUS,2019-04-02,0.0
MUNI,2019-04-02,2.69
MOAT,2019-04-02,2.36
MMTM,2019-04-02,0.0
MMIT,2019-04-02,0.0
MMIN,2019-04-02,0.0
NAIL,2019-04-02,0.0
MLPI,2019-04-02,0.0
MLPG,2019-04-02,0.0
MLPE,2019-04-02,0.0
MGK,2019-04-02,0.0
MOM,2019-04-02,0.0
MLPC,2019-04-02,0.0
MBSD,2019-04-02,-1.16
MBB,2019-04-02,-52.88
MAGA,2019-04-02,0.0
LTPZ,2019-04-02,0.0
MDY,2019-04-02,-61.25
LQDH,2019-04-02,0.0
NEED,2019-04-02,0.0
MDYV,2019-04-02,0.0
MEAR,2019-04-02,0.0
LQD,2019-04-02,-59.01
LVUS,2019-04-02,0.0
LRGF,2019-04-02,0.0
MORT,2019-04-02,1.17
MNA,2019-04-02,0.0
MCRO,2019-04-02,0.0
LNGR,2019-04-02,-0.0
MLPX,2019-04-02,1.4
LRGE,2019-04-02,-0.0
LSST,2019-04-02,0.0
NACP,2019-04-02,0.0
MFMS,2019-04-02,0.0
MOO,2019-04-02,0.0
LQDI,2019-04-02,0.0
LKOR,2019-04-02,0.0
MIDU,2019-04-02,0.0
LVHI,2019-04-02,-0.01
NFTY,2019-04-02,0.0
LSLT,2019-04-02,0.0
LOUP,2019-04-02,0.0
MLPO,2019-04-02,0.0
LVHB,2019-04-02,0.0
LVHD,2019-04-02,0.06
MUST,2019-04-02,0.0
MCHI,2019-04-02,0.0
MVIN,2019-04-02,0.0
MCEF,2019-04-02,0.0
MDIV,2019-04-02,0.0
LMBS,2019-04-02,0.0
MDYG,2019-04-02,0.0
MRGR,2019-04-02,0.0
MEXX,2019-04-02,0.0
MGC,2019-04-02,0.0
MFDX,2019-04-02,0.0
MUTE,2019-04-02,0.0
MFEM,2019-04-02,0.0
NFRA,2019-04-02,0.0
MOTI,2019-04-02,0.0
MFUS,2019-04-02,0.0
MGV,2019-04-02,0.0
MILN,2019-04-02,1.2
MINC,2019-04-02,0.0
MYY,2019-04-02,0.0
LTL,2019-04-02,0.0
MINT,2019-04-02,21.28
MJ,2019-04-02,5.48
LSAF,2019-04-02,0.0
LOWC,2019-04-02,9.03
MLPB,2019-04-02,0.0
NETL,2019-04-02,2.52
MUB,2019-04-02,-155.24
MLN,2019-04-02,0.0
MLPA,2019-04-02,0.09
PGJ,2019-04-02,0.0
PGAL,2019-04-02,-0.56
PFM,2019-04-02,0.0
PFIG,2019-04-02,0.0
PFI,2019-04-02,0.0
PFFR,2019-04-02,0.0
PFFL,2019-04-02,0.0
PFFD,2019-04-02,1.16
PFFA,2019-04-02,0.0
PEZ,2019-04-02,0.0
PEJ,2019-04-02,0.0
PEY,2019-04-02,0.0
PDN,2019-04-02,0.0
PDBC,2019-04-02,-28.51
PCEF,2019-04-02,3.34
PEX,2019-04-02,0.0
PBUS,2019-04-02,0.0
PBS,2019-04-02,0.0
PBP,2019-04-02,0.0
PGF,2019-04-02,0.0
PBJ,2019-04-02,-1.66
PBEE,2019-04-02,0.0
PBE,2019-04-02,0.0
PBDM,2019-04-02,0.0
NYF,2019-04-02,0.0
NUBD,2019-04-02,0.0
OIH,2019-04-02,-1.78
NUGT,2019-04-02,15.78
PDP,2019-04-02,5.72
OEF,2019-04-02,0.0
NUSC,2019-04-02,0.0
OSCV,2019-04-02,1.22
NULV,2019-04-02,0.0
NTSX,2019-04-02,0.0
NORW,2019-04-02,-0.05
PBTP,2019-04-02,0.0
NOBL,2019-04-02,3.42
NUMG,2019-04-02,0.0
OPER,2019-04-02,0.0
NUEM,2019-04-02,7.9
OMFL,2019-04-02,0.0
OCIO,2019-04-02,0.0
ONLN,2019-04-02,0.0
PALL,2019-04-02,0.0
PBND,2019-04-02,0.0
NXTG,2019-04-02,0.0
NLR,2019-04-02,0.0
PEXL,2019-04-02,0.0
OBOR,2019-04-02,0.0
NUMV,2019-04-02,0.0
PBD,2019-04-02,0.0
PFF,2019-04-02,43.83
NURE,2019-04-02,0.0
NUDM,2019-04-02,0.0
OLD,2019-04-02,0.0
PBSM,2019-04-02,0.0
NUAG,2019-04-02,0.0
OLEM,2019-04-02,0.0
ONEQ,2019-04-02,0.0
PFXF,2019-04-02,1.94
OMFS,2019-04-02,0.0
ONEO,2019-04-02,0.0
ONEV,2019-04-02,0.0
OUSA,2019-04-02,0.0
NUSA,2019-04-02,0.0
OUSM,2019-04-02,0.0
ONEY,2019-04-02,0.0
PAK,2019-04-02,0.01
PGHY,2019-04-02,0.0
OGIG,2019-04-02,0.0
PAVE,2019-04-02,-0.02
OUNZ,2019-04-02,0.0
PCY,2019-04-02,-30.91
PBW,2019-04-02,-2.72
NULG,2019-04-02,0.0
PACA,2019-04-02,0.0
PASS,2019-04-02,0.0
OILK,2019-04-02,0.0
OEUR,2019-04-02,0.0
PAWZ,2019-04-02,0.0
PYPE,2019-04-02,0.0
PY,2019-04-02,0.0
PXH,2019-04-02,0.0
PWZ,2019-04-02,0.0
PWB,2019-04-02,0.0
PUTW,2019-04-02,0.0
PULS,2019-04-02,0.0
PUI,2019-04-02,1.6
PTNQ,2019-04-02,0.0
PTMC,2019-04-02,7.59
PTEU,2019-04-02,0.0
PSQ,2019-04-02,0.0
PSP,2019-04-02,0.0
PSMG,2019-04-02,0.0
PXQ,2019-04-02,5.96
PST,2019-04-02,0.0
PSMC,2019-04-02,-9.0
PSMB,2019-04-02,0.0
PSK,2019-04-02,4.26
PSJ,2019-04-02,0.0
PSL,2019-04-02,0.0
PSCU,2019-04-02,0.0
PSCM,2019-04-02,0.0
PNQI,2019-04-02,0.0
PSMM,2019-04-02,0.0
PQLC,2019-04-02,0.0
PMOM,2019-04-02,0.0
PSCT,2019-04-02,0.0
PJUL,2019-04-02,0.0
PJP,2019-04-02,0.0
PVI,2019-04-02,-1.25
PIZ,2019-04-02,-6.51
PSET,2019-04-02,0.0
PKB,2019-04-02,0.0
PHO,2019-04-02,0.0
PSCH,2019-04-02,-5.78
PIN,2019-04-02,0.0
PIE,2019-04-02,0.0
PVAL,2019-04-02,0.0
PILL,2019-04-02,0.0
PWC,2019-04-02,0.0
PHB,2019-04-02,0.0
PXF,2019-04-02,0.0
PICB,2019-04-02,0.0
PID,2019-04-02,1.61
PWV,2019-04-02,-5.39
PGX,2019-04-02,49.49
PWS,2019-04-02,-1.22
PSI,2019-04-02,0.0
PICK,2019-04-02,-9.63
PRN,2019-04-02,0.0
PTF,2019-04-02,0.0
PSCD,2019-04-02,0.0
FTAG,2019-04-02,0.0
PTLC,2019-04-02,20.8
PHYL,2019-04-02,0.0
PPLT,2019-04-02,0.0
PLW,2019-04-02,0.0
PPSC,2019-04-02,0.0
POCT,2019-04-02,0.61
PPA,2019-04-02,0.0
PPDM,2019-04-02,0.0
PPEM,2019-04-02,0.0
PSR,2019-04-02,0.0
PPLC,2019-04-02,0.0
PRNT,2019-04-02,0.0
PQSV,2019-04-02,0.0
PHDG,2019-04-02,0.0
PSCF,2019-04-02,0.0
PIO,2019-04-02,0.0
PPMC,2019-04-02,0.0
PPTY,2019-04-02,0.0
PQIN,2019-04-02,0.0
PTH,2019-04-02,0.0
PSCI,2019-04-02,0.0
PLCY,2019-04-02,0.0
PQSG,2019-04-02,0.0
PXI,2019-04-02,0.0
PREF,2019-04-02,0.0
PRF,2019-04-02,0.0
PRFZ,2019-04-02,0.0
PSC,2019-04-02,0.0
PKW,2019-04-02,0.0
PPH,2019-04-02,0.0
PSCC,2019-04-02,0.0
PXJ,2019-04-02,0.0
PXE,2019-04-02,0.0
PSCE,2019-04-02,0.0
RODI,2019-04-02,0.0
RODE,2019-04-02,0.0
ROBT,2019-04-02,0.0
ROBO,2019-04-02,-0.01
RNSC,2019-04-02,0.0
RNMC,2019-04-02,0.0
RLY,2019-04-02,0.0
RJZ,2019-04-02,0.0
RING,2019-04-02,0.0
RJA,2019-04-02,0.0
RIGS,2019-04-02,0.0
RHS,2019-04-02,0.0
RGI,2019-04-02,0.0
RFV,2019-04-02,0.0
RISE,2019-04-02,0.0
RFUN,2019-04-02,0.0
RFFC,2019-04-02,0.0
RNEM,2019-04-02,0.0
RFEU,2019-04-02,0.0
ROAM,2019-04-02,0.0
RFDA,2019-04-02,0.0
RFCI,2019-04-02,0.0
REZ,2019-04-02,7.05
REW,2019-04-02,0.0
RETL,2019-04-02,-1.52
RESE,2019-04-02,0.0
RINF,2019-04-02,0.0
RESP,2019-04-02,0.0
REMX,2019-04-02,0.0
REK,2019-04-02,0.0
REGL,2019-04-02,2.27
RFAP,2019-04-02,0.0
REET,2019-04-02,4.0
REML,2019-04-02,1.02
QLD,2019-04-02,9.23
RJI,2019-04-02,0.0
QQQE,2019-04-02,2.43
QID,2019-04-02,-8.37
RJN,2019-04-02,0.0
PZD,2019-04-02,0.0
QABA,2019-04-02,0.0
RESD,2019-04-02,0.0
QGTA,2019-04-02,7.16
REM,2019-04-02,0.0
QCLN,2019-04-02,0.0
QTEC,2019-04-02,0.0
PZA,2019-04-02,1.28
RFDI,2019-04-02,0.0
QEMM,2019-04-02,0.0
RFEM,2019-04-02,0.0
QDIV,2019-04-02,-0.0
QEFA,2019-04-02,0.0
RBIN,2019-04-02,0.0
QDF,2019-04-02,0.0
PYZ,2019-04-02,0.0
QED,2019-04-02,0.0
RBUS,2019-04-02,0.0
QAI,2019-04-02,0.0
QDYN,2019-04-02,0.0
PZT,2019-04-02,0.0
RNDM,2019-04-02,0.0
QARP,2019-04-02,0.0
RNLC,2019-04-02,0.0
QYLD,2019-04-02,4.52
RFG,2019-04-02,0.0
QLS,2019-04-02,2.12
RNDV,2019-04-02,0.0
QGRO,2019-04-02,0.0
QQEW,2019-04-02,0.0
QLTA,2019-04-02,0.0
QMN,2019-04-02,0.0
RCD,2019-04-02,0.0
QAT,2019-04-02,0.0
QMOM,2019-04-02,0.0
QQQ,2019-04-02,-519.18
QINT,2019-04-02,0.0
QTUM,2019-04-02,0.0
QQXT,2019-04-02,0.0
QUS,2019-04-02,12.58
QLC,2019-04-02,0.0
QVAL,2019-04-02,0.0
QSY,2019-04-02,0.0
QUAL,2019-04-02,31.31
RDVY,2019-04-02,0.0
QVM,2019-04-02,0.0
QWLD,2019-04-02,0.0
RALS,2019-04-02,0.0
RAVI,2019-04-02,0.0
QDEF,2019-04-02,0.0
RDIV,2019-04-02,5.74
RDOG,2019-04-02,0.0
SECT,2019-04-02,0.0
SFHY,2019-04-02,0.0
SDYL,2019-04-02,0.0
SDS,2019-04-02,-6.5
SDP,2019-04-02,0.0
SDGA,2019-04-02,0.0
SDEM,2019-04-02,-0.01
SDOW,2019-04-02,0.0
SDAG,2019-04-02,1.27
SCZ,2019-04-02,0.0
SDD,2019-04-02,0.0
SCO,2019-04-02,7.23
SDG,2019-04-02,0.0
SCIU,2019-04-02,0.01
SCIJ,2019-04-02,-0.0
SCID,2019-04-02,0.0
SCHZ,2019-04-02,0.0
SDCI,2019-04-02,0.0
SCHO,2019-04-02,0.0
SEF,2019-04-02,0.0
SCHM,2019-04-02,5.61
SCHG,2019-04-02,24.1
SCHF,2019-04-02,0.0
SDY,2019-04-02,0.0
SCHE,2019-04-02,0.0
SCIX,2019-04-02,-0.0
SCHD,2019-04-02,5.29
SCHC,2019-04-02,0.0
SDVY,2019-04-02,0.0
SBM,2019-04-02,0.0
SBIO,2019-04-02,0.0
RWDC,2019-04-02,0.0
RWCD,2019-04-02,0.0
RORE,2019-04-02,0.0
SCHV,2019-04-02,2.77
RTH,2019-04-02,0.0
RWED,2019-04-02,0.0
RVNU,2019-04-02,0.0
ROSC,2019-04-02,0.0
SCHR,2019-04-02,-13.36
SCHB,2019-04-02,34.41
ROM,2019-04-02,0.0
SDOG,2019-04-02,0.0
RSX,2019-04-02,-2.1
RWIU,2019-04-02,0.0
SCC,2019-04-02,0.0
RWR,2019-04-02,9.91
SCHK,2019-04-02,1.41
RODM,2019-04-02,0.0
ROOF,2019-04-02,0.0
RVRS,2019-04-02,0.0
RTM,2019-04-02,0.0
RWO,2019-04-02,0.0
ROUS,2019-04-02,0.0
RPV,2019-04-02,0.0
RYJ,2019-04-02,0.0
SAA,2019-04-02,0.0
SCJ,2019-04-02,0.0
ROKT,2019-04-02,0.0
RPG,2019-04-02,0.0
RWSL,2019-04-02,0.0
RWDE,2019-04-02,0.0
SBB,2019-04-02,0.0
RSP,2019-04-02,26.44
SCHA,2019-04-02,0.0
RWK,2019-04-02,0.0
RWL,2019-04-02,-33.97
RSXJ,2019-04-02,0.0
RWLS,2019-04-02,0.0
RWGV,2019-04-02,0.0
RWM,2019-04-02,-10.07
RYF,2019-04-02,0.0
RWUI,2019-04-02,0.0
RWVG,2019-04-02,0.0
SDIV,2019-04-02,-0.15
RUSL,2019-04-02,0.0
RXI,2019-04-02,0.0
RWX,2019-04-02,0.0
RXD,2019-04-02,0.0
SFIG,2019-04-02,0.0
RWJ,2019-04-02,0.0
RXL,2019-04-02,0.0
SCHP,2019-04-02,2.74
RYE,2019-04-02,0.0
SCHH,2019-04-02,17.8
RYH,2019-04-02,0.0
RYT,2019-04-02,0.0
RYU,2019-04-02,-4.81
SCHX,2019-04-02,17.1
RZG,2019-04-02,0.0
RZV,2019-04-02,0.0
SPXE,2019-04-02,0.0
SPVU,2019-04-02,0.0
SPTM,2019-04-02,5.34
SPTL,2019-04-02,-7.16
SPSM,2019-04-02,1.53
SPSB,2019-04-02,85.19
SPIB,2019-04-02,-27.16
SPHQ,2019-04-02,0.0
SPHB,2019-04-02,0.0
SPGP,2019-04-02,0.0
SPGM,2019-04-02,0.0
SPLB,2019-04-02,13.39
SPFF,2019-04-02,0.07
SPXB,2019-04-02,0.0
SPEU,2019-04-02,0.0
SPMB,2019-04-02,0.0
SPEM,2019-04-02,28.82
SPDV,2019-04-02,0.0
SPBO,2019-04-02,0.0
SOXX,2019-04-02,58.3
SOXS,2019-04-02,0.0
SOXL,2019-04-02,-7.39
SOVB,2019-04-02,0.0
SOIL,2019-04-02,0.0
SPTI,2019-04-02,0.0
SNLN,2019-04-02,17.56
SPVM,2019-04-02,0.0
SMMV,2019-04-02,0.0
SKF,2019-04-02,1.88
SIZE,2019-04-02,0.0
SILJ,2019-04-02,0.0
SPUU,2019-04-02,0.0
SHM,2019-04-02,0.0
SMLV,2019-04-02,0.0
SHYL,2019-04-02,-2.46
SHV,2019-04-02,0.0
SHYG,2019-04-02,0.0
SGDJ,2019-04-02,0.0
SPIP,2019-04-02,11.07
SHYD,2019-04-02,0.0
SPLV,2019-04-02,-26.35
SMB,2019-04-02,0.0
SPAB,2019-04-02,36.82
SMEZ,2019-04-02,0.0
SOYB,2019-04-02,0.0
SJNK,2019-04-02,0.0
SIL,2019-04-02,-0.01
SGOL,2019-04-02,0.0
SLVP,2019-04-02,0.0
SH,2019-04-02,0.0
SHAG,2019-04-02,0.0
SPHD,2019-04-02,25.7
SMDV,2019-04-02,0.0
SGG,2019-04-02,0.0
SIVR,2019-04-02,0.0
SIJ,2019-04-02,-0.34
SPTS,2019-04-02,2.97
SIMS,2019-04-02,0.0
SLVO,2019-04-02,0.0
SMOG,2019-04-02,0.0
SMMD,2019-04-02,0.0
SGDM,2019-04-02,0.0
SHE,2019-04-02,0.0
SMLF,2019-04-02,0.0
SMMU,2019-04-02,0.0
SKOR,2019-04-02,0.0
SHY,2019-04-02,-125.77
SMH,2019-04-02,81.71
SKYY,2019-04-02,0.0
SPLG,2019-04-02,25.21
SPDN,2019-04-02,0.0
SLQD,2019-04-02,15.06
SMCP,2019-04-02,0.0
SPMV,2019-04-02,0.0
SPHY,2019-04-02,0.0
SLT,2019-04-02,0.0
SLY,2019-04-02,0.0
SLV,2019-04-02,0.0
SPMD,2019-04-02,1.69
SLX,2019-04-02,0.0
SPMO,2019-04-02,0.0
SMLL,2019-04-02,0.0
SNSR,2019-04-02,-0.02
SLYG,2019-04-02,0.0
SPDW,2019-04-02,0.0
SMN,2019-04-02,0.0
SJB,2019-04-02,-1.1
SLYV,2019-04-02,0.0
SMDD,2019-04-02,0.0
SMHB,2019-04-02,0.0
SOCL,2019-04-02,0.0
SMIN,2019-04-02,0.0
TPAY,2019-04-02,0.0
TOTL,2019-04-02,0.0
TNA,2019-04-02,0.0
TMFC,2019-04-02,0.0
TLTE,2019-04-02,0.0
TLTD,2019-04-02,0.0
TOLZ,2019-04-02,0.0
TLT,2019-04-02,99.45
TMF,2019-04-02,0.0
TLH,2019-04-02,0.0
TLDH,2019-04-02,0.0
TIPX,2019-04-02,3.85
TILT,2019-04-02,0.0
THD,2019-04-02,0.0
TFLT,2019-04-02,-0.0
TFIV,2019-04-02,0.0
TERM,2019-04-02,0.0
TECS,2019-04-02,0.74
TDTT,2019-04-02,0.0
TDTF,2019-04-02,-1.24
TBX,2019-04-02,0.0
STIP,2019-04-02,9.96
SYV,2019-04-02,0.0
SRTY,2019-04-02,1.23
TAXF,2019-04-02,0.0
SRS,2019-04-02,0.0
TOK,2019-04-02,0.0
SRET,2019-04-02,0.01
SQLV,2019-04-02,0.0
SPYD,2019-04-02,11.47
SPY,2019-04-02,-1358.19
SQQQ,2019-04-02,16.58
STOT,2019-04-02,0.0
SPYG,2019-04-02,3.76
TLEH,2019-04-02,0.0
SUSC,2019-04-02,0.0
SSPY,2019-04-02,0.0
SPYV,2019-04-02,27.6
SPXN,2019-04-02,0.0
SRLN,2019-04-02,0.0
SPXT,2019-04-02,0.0
SPYX,2019-04-02,0.0
TECL,2019-04-02,0.0
SPXU,2019-04-02,-1.52
SPXS,2019-04-02,0.0
TFI,2019-04-02,0.0
TAGS,2019-04-02,0.0
SPXV,2019-04-02,0.0
TFLO,2019-04-02,-15.07
STPP,2019-04-02,0.05
TIPZ,2019-04-02,0.0
TAN,2019-04-02,-5.67
STPZ,2019-04-02,0.0
SUB,2019-04-02,0.0
TBLU,2019-04-02,0.0
SUSA,2019-04-02,11.97
SVXY,2019-04-02,0.0
TIP,2019-04-02,0.0
TDIV,2019-04-02,0.0
SUSB,2019-04-02,0.0
SZNE,2019-04-02,0.0
SWAN,2019-04-02,0.0
TMV,2019-04-02,0.0
TAWK,2019-04-02,0.0
SYE,2019-04-02,0.0
SYLD,2019-04-02,0.02
SSO,2019-04-02,0.0
TBF,2019-04-02,0.0
SYG,2019-04-02,0.0
SPXL,2019-04-02,0.0
SZK,2019-04-02,0.0
SRVR,2019-04-02,0.0
TAIL,2019-04-02,-0.0
TCTL,2019-04-02,0.0
TBT,2019-04-02,0.0
SSG,2019-04-02,0.0
TAPR,2019-04-02,-0.02
UTSL,2019-04-02,0.0
USV,2019-04-02,0.0
USTB,2019-04-02,0.0
UST,2019-04-02,0.0
USMF,2019-04-02,0.0
USMC,2019-04-02,0.0
USLV,2019-04-02,0.0
UUP,2019-04-02,0.0
USL,2019-04-02,0.0
USHY,2019-04-02,9.65
USFR,2019-04-02,-14.42
USEQ,2019-04-02,0.0
USDY,2019-04-02,0.0
USAI,2019-04-02,0.0
URTY,2019-04-02,0.0
URE,2019-04-02,0.0
URA,2019-04-02,0.08
UPV,2019-04-02,0.0
UPRO,2019-04-02,-5.1
USO,2019-04-02,-39.68
ULVM,2019-04-02,0.0
UBOT,2019-04-02,0.0
UAG,2019-04-02,0.0
USOI,2019-04-02,0.0
TRTY,2019-04-02,0.01
UNL,2019-04-02,0.0
TYD,2019-04-02,0.0
TYBS,2019-04-02,0.0
UBG,2019-04-02,0.0
TZA,2019-04-02,0.0
UITB,2019-04-02,0.0
TVIX,2019-04-02,0.0
USLB,2019-04-02,0.0
TUR,2019-04-02,0.0
URTH,2019-04-02,0.0
TQQQ,2019-04-02,-8.85
USMV,2019-04-02,23.6
USD,2019-04-02,0.0
TPYP,2019-04-02,0.0
UGLD,2019-04-02,0.0
TTAC,2019-04-02,0.0
UCHF,2019-04-02,0.0
UGAZ,2019-04-02,3.02
TPOR,2019-04-02,0.0
UBR,2019-04-02,0.0
UTES,2019-04-02,0.0
UNG,2019-04-02,0.0
UCI,2019-04-02,0.0
TTTN,2019-04-02,0.0
UAUD,2019-04-02,0.0
TUSA,2019-04-02,0.0
TTAI,2019-04-02,0.0
UCC,2019-04-02,0.0
UBT,2019-04-02,0.0
USCI,2019-04-02,0.0
UJB,2019-04-02,0.0
UCIB,2019-04-02,0.0
UMDD,2019-04-02,0.0
UGE,2019-04-02,0.0
USDU,2019-04-02,0.0
UCO,2019-04-02,-5.64
UCON,2019-04-02,0.0
UDN,2019-04-02,0.0
UJPY,2019-04-02,0.0
UDOW,2019-04-02,0.0
UEUR,2019-04-02,0.0
USSG,2019-04-02,0.0
UGA,2019-04-02,0.0
USIG,2019-04-02,2.74
UGL,2019-04-02,0.0
TWM,2019-04-02,0.0
UGBP,2019-04-02,0.0
USRT,2019-04-02,7.77
UAE,2019-04-02,0.0
TTT,2019-04-02,0.0
UIVM,2019-04-02,0.0
UTRN,2019-04-02,0.0
UJUL,2019-04-02,0.0
TYO,2019-04-02,0.0
UEVM,2019-04-02,0.0
ULE,2019-04-02,0.0
USVM,2019-04-02,0.0
UPW,2019-04-02,0.0
UOCT,2019-04-02,0.0
ULST,2019-04-02,0.0
VYM,2019-04-02,18.36
VIXM,2019-04-02,0.0
UYG,2019-04-02,0.0
VT,2019-04-02,0.0
VGT,2019-04-02,0.43
VGFO,2019-04-02,0.0
VOOG,2019-04-02,7.81
VFVA,2019-04-02,0.0
VFMF,2019-04-02,0.0
VFMO,2019-04-02,0.0
VOE,2019-04-02,0.05
VUG,2019-04-02,16.53
VGIT,2019-04-02,0.0
VFQY,2019-04-02,0.0
VFH,2019-04-02,0.0
VYMI,2019-04-02,12.3
VUSE,2019-04-02,6.28
VGK,2019-04-02,0.0
VEU,2019-04-02,0.0
VIS,2019-04-02,0.0
VCSH,2019-04-02,-31.71
VIOG,2019-04-02,0.0
VBK,2019-04-02,-40.83
VBR,2019-04-02,0.1
VNQ,2019-04-02,52.76
UWM,2019-04-02,6.89
UYM,2019-04-02,0.0
VAMO,2019-04-02,0.0
VXX,2019-04-02,31.41
VCR,2019-04-02,0.0
VOO,2019-04-02,14.16
VIXY,2019-04-02,0.0
VLUE,2019-04-02,0.0
VALQ,2019-04-02,0.0
VTI,2019-04-02,48.2
VFMV,2019-04-02,0.0
VIOV,2019-04-02,0.0
VFLQ,2019-04-02,0.0
UXI,2019-04-02,0.0
VNQI,2019-04-02,0.0
VAW,2019-04-02,0.0
VB,2019-04-02,4.16
VBND,2019-04-02,0.0
VONE,2019-04-02,19.71
VGSH,2019-04-02,-3.01
VCIT,2019-04-02,17.21
VCLT,2019-04-02,9.0
VSMV,2019-04-02,0.0
VDC,2019-04-02,3.62
VEGI,2019-04-02,0.0
VDE,2019-04-02,0.0
VMOT,2019-04-02,0.0
VV,2019-04-02,-75.48
VTEB,2019-04-02,0.0
VEA,2019-04-02,83.22
VPL,2019-04-02,0.0
VSL,2019-04-02,0.0
VLU,2019-04-02,0.0
VXF,2019-04-02,6.26
VMBS,2019-04-02,0.0
VETS,2019-04-02,0.0
VONG,2019-04-02,23.6
VNLA,2019-04-02,0.0
VSGX,2019-04-02,0.0
VNM,2019-04-02,0.0
VSS,2019-04-02,0.0
VIGI,2019-04-02,0.0
VO,2019-04-02,85.41
VONV,2019-04-02,21.87
VSDA,2019-04-02,0.0
VOOV,2019-04-02,0.0
VIIX,2019-04-02,0.0
VOT,2019-04-02,0.53
VOX,2019-04-02,10.57
VRP,2019-04-02,0.0
UVXY,2019-04-02,30.16
VTV,2019-04-02,38.2
VPC,2019-04-02,0.0
VIOO,2019-04-02,0.0
VRIG,2019-04-02,0.0
VTC,2019-04-02,0.0
VXZ,2019-04-02,-0.09
VGLT,2019-04-02,0.0
VPU,2019-04-02,-6.44
VRAI,2019-04-02,0.0
VQT,2019-04-02,0.0
VTHR,2019-04-02,0.0
VIG,2019-04-02,25.94
VTIP,2019-04-02,0.0
VTWO,2019-04-02,0.0
VTWG,2019-04-02,0.0
VTWV,2019-04-02,0.0
VEGA,2019-04-02,0.0
VIDI,2019-04-02,0.0
VWO,2019-04-02,0.16
VHT,2019-04-02,0.0
VWOB,2019-04-02,0.0
VXUS,2019-04-02,1.01
ZROZ,2019-04-02,0.0
ZJPN,2019-04-02,0.0
ZIV,2019-04-02,1.87
ZHOK,2019-04-02,0.0
ZGBR,2019-04-02,0.0
ZCAN,2019-04-02,0.0
YYY,2019-04-02,0.03
YXI,2019-04-02,0.0
ZMLP,2019-04-02,0.0
YLD,2019-04-02,0.0
YCL,2019-04-02,0.0
YANG,2019-04-02,0.0
XVZ,2019-04-02,0.12
XTN,2019-04-02,0.0
XTL,2019-04-02,0.0
XT,2019-04-02,0.0
ZDEU,2019-04-02,0.0
XSOE,2019-04-02,0.0
XSHD,2019-04-02,0.0
XRT,2019-04-02,43.06
ZSL,2019-04-02,0.0
XPP,2019-04-02,0.0
XPH,2019-04-02,0.0
XSMO,2019-04-02,0.0
XNTK,2019-04-02,0.0
XSW,2019-04-02,0.0
XMVM,2019-04-02,0.0
XMMO,2019-04-02,0.0
XBI,2019-04-02,13.56
WFIG,2019-04-02,0.0
XLY,2019-04-02,120.85
XHB,2019-04-02,0.0
WPS,2019-04-02,0.0
XMLV,2019-04-02,5.0
WANT,2019-04-02,0.0
WOMN,2019-04-02,0.0
XLB,2019-04-02,19.71
WBIE,2019-04-02,0.0
XLI,2019-04-02,137.85
WLDR,2019-04-02,0.0
WIP,2019-04-02,0.0
WBIF,2019-04-02,0.0
WBII,2019-04-02,0.0
XWEB,2019-04-02,0.0
WDIV,2019-04-02,0.0
WTMF,2019-04-02,0.0
XSHQ,2019-04-02,0.0
XLC,2019-04-02,-2.37
WBIL,2019-04-02,0.0
WBIY,2019-04-02,0.0
WFHY,2019-04-02,0.0
XDIV,2019-04-02,0.0
WIL,2019-04-02,0.0
XSVM,2019-04-02,0.0
WEAT,2019-04-02,0.0
XSLV,2019-04-02,0.0
XHS,2019-04-02,0.0
YINN,2019-04-02,-5.06
XBUY,2019-04-02,0.0
WOOD,2019-04-02,-3.91
XCOM,2019-04-02,0.0
YCS,2019-04-02,0.0
XOP,2019-04-02,35.85
XLRE,2019-04-02,0.0
YCOM,2019-04-02,0.0
XCEM,2019-04-02,0.0
YLDE,2019-04-02,-0.0
WBND,2019-04-02,-0.0
XHE,2019-04-02,0.0
XES,2019-04-02,-0.6
YLCO,2019-04-02,0.0
WBIG,2019-04-02,1.24
XLE,2019-04-02,-36.86
XLF,2019-04-02,350.24
XAR,2019-04-02,-14.02
XLV,2019-04-02,-284.91
XLG,2019-04-02,0.0
XLK,2019-04-02,131.32
WINC,2019-04-02,-0.0
XLP,2019-04-02,153.9
XSD,2019-04-02,0.0
XLSR,2019-04-02,0.0
XRLV,2019-04-02,0.0
XLU,2019-04-02,14.44
XMPT,2019-04-02,0.0
XITK,2019-04-02,0.0
XME,2019-04-02,0.0
XMHQ,2019-04-02,0.0
